[{"model": "contenttypes.contenttype", "pk": 1, "fields": {"app_label": "admin", "model": "logentry"}}, {"model": "contenttypes.contenttype", "pk": 2, "fields": {"app_label": "auth", "model": "permission"}}, {"model": "contenttypes.contenttype", "pk": 3, "fields": {"app_label": "auth", "model": "group"}}, {"model": "contenttypes.contenttype", "pk": 4, "fields": {"app_label": "auth", "model": "user"}}, {"model": "contenttypes.contenttype", "pk": 5, "fields": {"app_label": "contenttypes", "model": "contenttype"}}, {"model": "contenttypes.contenttype", "pk": 6, "fields": {"app_label": "sessions", "model": "session"}}, {"model": "contenttypes.contenttype", "pk": 7, "fields": {"app_label": "profiles", "model": "cryptocurrency"}}, {"model": "contenttypes.contenttype", "pk": 8, "fields": {"app_label": "profiles", "model": "profile"}}, {"model": "contenttypes.contenttype", "pk": 9, "fields": {"app_label": "profiles", "model": "contactmethod"}}, {"model": "contenttypes.contenttype", "pk": 10, "fields": {"app_label": "profiles", "model": "acceptedcrypto"}}, {"model": "contenttypes.contenttype", "pk": 11, "fields": {"app_label": "courses", "model": "connectionplatform"}}, {"model": "contenttypes.contenttype", "pk": 12, "fields": {"app_label": "courses", "model": "event"}}, {"model": "contenttypes.contenttype", "pk": 13, "fields": {"app_label": "courses", "model": "certificaterequest"}}, {"model": "contenttypes.contenttype", "pk": 14, "fields": {"app_label": "courses", "model": "certificate"}}, {"model": "contenttypes.contenttype", "pk": 15, "fields": {"app_label": "courses", "model": "bookmark"}}, {"model": "contenttypes.contenttype", "pk": 16, "fields": {"app_label": "courses", "model": "comment"}}, {"model": "contenttypes.contenttype", "pk": 17, "fields": {"app_label": "star_ratings", "model": "rating"}}, {"model": "contenttypes.contenttype", "pk": 18, "fields": {"app_label": "star_ratings", "model": "userrating"}}, {"model": "contenttypes.contenttype", "pk": 19, "fields": {"app_label": "taggit", "model": "tag"}}, {"model": "contenttypes.contenttype", "pk": 20, "fields": {"app_label": "taggit", "model": "taggeditem"}}, {"model": "sessions.session", "pk": "1ah0bs6phbi8gtygicvquib8xdfw64kt", "fields": {"session_data": "NTA5MWQwOTZmMDQyOTg2MjAxZTdiOWRhNzVhZmJhOTdmZjlmZWJlNTp7Il9hdXRoX3VzZXJfaWQiOiIyIiwiX2F1dGhfdXNlcl9iYWNrZW5kIjoiZGphbmdvLmNvbnRyaWIuYXV0aC5iYWNrZW5kcy5Nb2RlbEJhY2tlbmQiLCJfYXV0aF91c2VyX2hhc2giOiI3ZTI0NzMwYWRiZTcwNzlkOGYyYTZkZDRhZDhhOTA2NmMyYmQwOGNhIn0=", "expire_date": "2021-01-25T22:56:18.312Z"}}, {"model": "sessions.session", "pk": "6ggmz1hco0wqfkhg3kszk2h1tscaxy51", "fields": {"session_data": "ZGU4MTZkYjA0NjRmMmJlZTljY2Y1M2EyMDgzMmQzYjc0MzMyNWQwNDp7fQ==", "expire_date": "2021-01-28T02:19:08.817Z"}}, {"model": "sessions.session", "pk": "6l21df855tvfbz3jmfkijmuvche1glug", "fields": {"session_data": "OWJiZWMxZTg3ODYxYzU4ZTZmZjBkZjZiMzJhNjFkOWUyOWY5OTk2Yzp7Il9hdXRoX3VzZXJfaWQiOiIxIiwiX2F1dGhfdXNlcl9iYWNrZW5kIjoiZGphbmdvLmNvbnRyaWIuYXV0aC5iYWNrZW5kcy5Nb2RlbEJhY2tlbmQiLCJfYXV0aF91c2VyX2hhc2giOiI4MzE3YjEwNWYxMDYyZDI0NGI3Njc1OGU4NzgxNTI3NWU5ZTEwY2U0In0=", "expire_date": "2021-02-03T21:57:59.765Z"}}, {"model": "sessions.session", "pk": "83jvom33isg3zbwk82pfh807vuru19du", "fields": {"session_data": "OWJiZWMxZTg3ODYxYzU4ZTZmZjBkZjZiMzJhNjFkOWUyOWY5OTk2Yzp7Il9hdXRoX3VzZXJfaWQiOiIxIiwiX2F1dGhfdXNlcl9iYWNrZW5kIjoiZGphbmdvLmNvbnRyaWIuYXV0aC5iYWNrZW5kcy5Nb2RlbEJhY2tlbmQiLCJfYXV0aF91c2VyX2hhc2giOiI4MzE3YjEwNWYxMDYyZDI0NGI3Njc1OGU4NzgxNTI3NWU5ZTEwY2U0In0=", "expire_date": "2020-12-22T23:58:53.590Z"}}, {"model": "sessions.session", "pk": "ctr9f0win79s0g9dl1gwlhy5ds983olc", "fields": {"session_data": "OWJiZWMxZTg3ODYxYzU4ZTZmZjBkZjZiMzJhNjFkOWUyOWY5OTk2Yzp7Il9hdXRoX3VzZXJfaWQiOiIxIiwiX2F1dGhfdXNlcl9iYWNrZW5kIjoiZGphbmdvLmNvbnRyaWIuYXV0aC5iYWNrZW5kcy5Nb2RlbEJhY2tlbmQiLCJfYXV0aF91c2VyX2hhc2giOiI4MzE3YjEwNWYxMDYyZDI0NGI3Njc1OGU4NzgxNTI3NWU5ZTEwY2U0In0=", "expire_date": "2021-02-22T20:35:18.207Z"}}, {"model": "sessions.session", "pk": "eij1z37h4j35a34pc77onurru8d4fgs3", "fields": {"session_data": "OWJiZWMxZTg3ODYxYzU4ZTZmZjBkZjZiMzJhNjFkOWUyOWY5OTk2Yzp7Il9hdXRoX3VzZXJfaWQiOiIxIiwiX2F1dGhfdXNlcl9iYWNrZW5kIjoiZGphbmdvLmNvbnRyaWIuYXV0aC5iYWNrZW5kcy5Nb2RlbEJhY2tlbmQiLCJfYXV0aF91c2VyX2hhc2giOiI4MzE3YjEwNWYxMDYyZDI0NGI3Njc1OGU4NzgxNTI3NWU5ZTEwY2U0In0=", "expire_date": "2021-02-24T18:55:29.358Z"}}, {"model": "sessions.session", "pk": "kpfy1ivtaol9rk59120vxni7xqrqsvmz", "fields": {"session_data": "ZGU4MTZkYjA0NjRmMmJlZTljY2Y1M2EyMDgzMmQzYjc0MzMyNWQwNDp7fQ==", "expire_date": "2021-01-28T02:06:24.482Z"}}, {"model": "sessions.session", "pk": "ujhnnkkzd8gle7rw367apewa00vth2by", "fields": {"session_data": "ZGU4MTZkYjA0NjRmMmJlZTljY2Y1M2EyMDgzMmQzYjc0MzMyNWQwNDp7fQ==", "expire_date": "2021-01-28T02:15:40.382Z"}}, {"model": "sessions.session", "pk": "xo8lnhy7gin8425gsw10x8bi666awt3t", "fields": {"session_data": "YzBhNzQ3Yzk1MDQxNDI2NTRhNzdhNGIzMWZlMTA4MDFlYmZmODZiZjp7Il9hdXRoX3VzZXJfaWQiOiIxMCIsIl9hdXRoX3VzZXJfYmFja2VuZCI6ImRqYW5nby5jb250cmliLmF1dGguYmFja2VuZHMuTW9kZWxCYWNrZW5kIiwiX2F1dGhfdXNlcl9oYXNoIjoiNjAxYjQ1YzY4ZWFkNDRlZTcwMTNlOTFhNzBiMDg1ZjA3YWM3ZDA2NCJ9", "expire_date": "2021-03-23T23:17:56.882Z"}}, {"model": "sessions.session", "pk": "xtwz3c966cl9bmhsne2it0w039kpgrru", "fields": {"session_data": "OWJiZWMxZTg3ODYxYzU4ZTZmZjBkZjZiMzJhNjFkOWUyOWY5OTk2Yzp7Il9hdXRoX3VzZXJfaWQiOiIxIiwiX2F1dGhfdXNlcl9iYWNrZW5kIjoiZGphbmdvLmNvbnRyaWIuYXV0aC5iYWNrZW5kcy5Nb2RlbEJhY2tlbmQiLCJfYXV0aF91c2VyX2hhc2giOiI4MzE3YjEwNWYxMDYyZDI0NGI3Njc1OGU4NzgxNTI3NWU5ZTEwY2U0In0=", "expire_date": "2021-03-23T22:22:15.210Z"}}, {"model": "sessions.session", "pk": "xxqkhuemd6vgc3j809r5afphwpdavm3t", "fields": {"session_data": "ZGU4MTZkYjA0NjRmMmJlZTljY2Y1M2EyMDgzMmQzYjc0MzMyNWQwNDp7fQ==", "expire_date": "2021-01-28T15:04:50.301Z"}}, {"model": "sessions.session", "pk": "z2yfbv4hhks1aencwon7vvkctfhjb781", "fields": {"session_data": "OWJiZWMxZTg3ODYxYzU4ZTZmZjBkZjZiMzJhNjFkOWUyOWY5OTk2Yzp7Il9hdXRoX3VzZXJfaWQiOiIxIiwiX2F1dGhfdXNlcl9iYWNrZW5kIjoiZGphbmdvLmNvbnRyaWIuYXV0aC5iYWNrZW5kcy5Nb2RlbEJhY2tlbmQiLCJfYXV0aF91c2VyX2hhc2giOiI4MzE3YjEwNWYxMDYyZDI0NGI3Njc1OGU4NzgxNTI3NWU5ZTEwY2U0In0=", "expire_date": "2021-02-10T18:31:01.711Z"}}, {"model": "profiles.cryptocurrency", "pk": 1, "fields": {"name": "Stellar", "code": "XML"}}, {"model": "profiles.cryptocurrency", "pk": 2, "fields": {"name": "Monero", "code": "XMR"}}, {"model": "profiles.cryptocurrency", "pk": 3, "fields": {"name": "Bitcoin", "code": "BTC"}}, {"model": "profiles.cryptocurrency", "pk": 4, "fields": {"name": "Ether", "code": "ETH"}}, {"model": "courses.connectionplatform", "pk": 1, "fields": {"name": "Zoom", "url_link": "http://www.zoom.com", "deleted": false}}, {"model": "courses.connectionplatform", "pk": 2, "fields": {"name": "Vimeo", "url_link": "http://www.vimeo.com", "deleted": false}}, {"model": "courses.connectionplatform", "pk": 3, "fields": {"name": "Jitsi", "url_link": "", "deleted": false}}, {"model": "courses.connectionplatform", "pk": 4, "fields": {"name": "Google Meet", "url_link": "", "deleted": false}}, {"model": "star_ratings.rating", "pk": 1, "fields": {"count": 1, "total": 5, "average": "5.000", "content_type": 12, "object_id": 2}}, {"model": "star_ratings.rating", "pk": 2, "fields": {"count": 0, "total": 0, "average": "0.000", "content_type": 12, "object_id": 3}}, {"model": "star_ratings.rating", "pk": 5, "fields": {"count": 0, "total": 0, "average": "0.000", "content_type": 12, "object_id": 8}}, {"model": "taggit.tag", "pk": 6, "fields": {"name": "not_knows", "slug": "not_knows"}}, {"model": "taggit.tag", "pk": 11, "fields": {"name": "Marketing", "slug": "marketing"}}, {"model": "taggit.tag", "pk": 12, "fields": {"name": "empresa", "slug": "empresa"}}, {"model": "taggit.tag", "pk": 13, "fields": {"name": "marketing", "slug": "marketing_1"}}, {"model": "taggit.tag", "pk": 14, "fields": {"name": "administracion", "slug": "administracion"}}, {"model": "taggit.tag", "pk": 15, "fields": {"name": "emprendimiento", "slug": "emprendimiento"}}, {"model": "taggit.tag", "pk": 17, "fields": {"name": "productividad", "slug": "productividad"}}, {"model": "taggit.taggeditem", "pk": 11, "fields": {"tag": 11, "content_type": 12, "object_id": 1}}, {"model": "taggit.taggeditem", "pk": 12, "fields": {"tag": 12, "content_type": 12, "object_id": 3}}, {"model": "taggit.taggeditem", "pk": 13, "fields": {"tag": 13, "content_type": 12, "object_id": 3}}, {"model": "taggit.taggeditem", "pk": 14, "fields": {"tag": 14, "content_type": 12, "object_id": 3}}, {"model": "taggit.taggeditem", "pk": 15, "fields": {"tag": 15, "content_type": 12, "object_id": 3}}, {"model": "taggit.taggeditem", "pk": 17, "fields": {"tag": 17, "content_type": 12, "object_id": 2}}, {"model": "auth.permission", "pk": 1, "fields": {"name": "Can add log entry", "content_type": 1, "codename": "add_logentry"}}, {"model": "auth.permission", "pk": 2, "fields": {"name": "Can change log entry", "content_type": 1, "codename": "change_logentry"}}, {"model": "auth.permission", "pk": 3, "fields": {"name": "Can delete log entry", "content_type": 1, "codename": "delete_logentry"}}, {"model": "auth.permission", "pk": 4, "fields": {"name": "Can view log entry", "content_type": 1, "codename": "view_logentry"}}, {"model": "auth.permission", "pk": 5, "fields": {"name": "Can add permission", "content_type": 2, "codename": "add_permission"}}, {"model": "auth.permission", "pk": 6, "fields": {"name": "Can change permission", "content_type": 2, "codename": "change_permission"}}, {"model": "auth.permission", "pk": 7, "fields": {"name": "Can delete permission", "content_type": 2, "codename": "delete_permission"}}, {"model": "auth.permission", "pk": 8, "fields": {"name": "Can view permission", "content_type": 2, "codename": "view_permission"}}, {"model": "auth.permission", "pk": 9, "fields": {"name": "Can add group", "content_type": 3, "codename": "add_group"}}, {"model": "auth.permission", "pk": 10, "fields": {"name": "Can change group", "content_type": 3, "codename": "change_group"}}, {"model": "auth.permission", "pk": 11, "fields": {"name": "Can delete group", "content_type": 3, "codename": "delete_group"}}, {"model": "auth.permission", "pk": 12, "fields": {"name": "Can view group", "content_type": 3, "codename": "view_group"}}, {"model": "auth.permission", "pk": 13, "fields": {"name": "Can add user", "content_type": 4, "codename": "add_user"}}, {"model": "auth.permission", "pk": 14, "fields": {"name": "Can change user", "content_type": 4, "codename": "change_user"}}, {"model": "auth.permission", "pk": 15, "fields": {"name": "Can delete user", "content_type": 4, "codename": "delete_user"}}, {"model": "auth.permission", "pk": 16, "fields": {"name": "Can view user", "content_type": 4, "codename": "view_user"}}, {"model": "auth.permission", "pk": 17, "fields": {"name": "Can add content type", "content_type": 5, "codename": "add_contenttype"}}, {"model": "auth.permission", "pk": 18, "fields": {"name": "Can change content type", "content_type": 5, "codename": "change_contenttype"}}, {"model": "auth.permission", "pk": 19, "fields": {"name": "Can delete content type", "content_type": 5, "codename": "delete_contenttype"}}, {"model": "auth.permission", "pk": 20, "fields": {"name": "Can view content type", "content_type": 5, "codename": "view_contenttype"}}, {"model": "auth.permission", "pk": 21, "fields": {"name": "Can add session", "content_type": 6, "codename": "add_session"}}, {"model": "auth.permission", "pk": 22, "fields": {"name": "Can change session", "content_type": 6, "codename": "change_session"}}, {"model": "auth.permission", "pk": 23, "fields": {"name": "Can delete session", "content_type": 6, "codename": "delete_session"}}, {"model": "auth.permission", "pk": 24, "fields": {"name": "Can view session", "content_type": 6, "codename": "view_session"}}, {"model": "auth.permission", "pk": 25, "fields": {"name": "Can add crypto currency", "content_type": 7, "codename": "add_cryptocurrency"}}, {"model": "auth.permission", "pk": 26, "fields": {"name": "Can change crypto currency", "content_type": 7, "codename": "change_cryptocurrency"}}, {"model": "auth.permission", "pk": 27, "fields": {"name": "Can delete crypto currency", "content_type": 7, "codename": "delete_cryptocurrency"}}, {"model": "auth.permission", "pk": 28, "fields": {"name": "Can view crypto currency", "content_type": 7, "codename": "view_cryptocurrency"}}, {"model": "auth.permission", "pk": 29, "fields": {"name": "Can add profile", "content_type": 8, "codename": "add_profile"}}, {"model": "auth.permission", "pk": 30, "fields": {"name": "Can change profile", "content_type": 8, "codename": "change_profile"}}, {"model": "auth.permission", "pk": 31, "fields": {"name": "Can delete profile", "content_type": 8, "codename": "delete_profile"}}, {"model": "auth.permission", "pk": 32, "fields": {"name": "Can view profile", "content_type": 8, "codename": "view_profile"}}, {"model": "auth.permission", "pk": 33, "fields": {"name": "Can add contact method", "content_type": 9, "codename": "add_contactmethod"}}, {"model": "auth.permission", "pk": 34, "fields": {"name": "Can change contact method", "content_type": 9, "codename": "change_contactmethod"}}, {"model": "auth.permission", "pk": 35, "fields": {"name": "Can delete contact method", "content_type": 9, "codename": "delete_contactmethod"}}, {"model": "auth.permission", "pk": 36, "fields": {"name": "Can view contact method", "content_type": 9, "codename": "view_contactmethod"}}, {"model": "auth.permission", "pk": 37, "fields": {"name": "Can add accepted crypto", "content_type": 10, "codename": "add_acceptedcrypto"}}, {"model": "auth.permission", "pk": 38, "fields": {"name": "Can change accepted crypto", "content_type": 10, "codename": "change_acceptedcrypto"}}, {"model": "auth.permission", "pk": 39, "fields": {"name": "Can delete accepted crypto", "content_type": 10, "codename": "delete_acceptedcrypto"}}, {"model": "auth.permission", "pk": 40, "fields": {"name": "Can view accepted crypto", "content_type": 10, "codename": "view_acceptedcrypto"}}, {"model": "auth.permission", "pk": 41, "fields": {"name": "Can add connection platform", "content_type": 11, "codename": "add_connectionplatform"}}, {"model": "auth.permission", "pk": 42, "fields": {"name": "Can change connection platform", "content_type": 11, "codename": "change_connectionplatform"}}, {"model": "auth.permission", "pk": 43, "fields": {"name": "Can delete connection platform", "content_type": 11, "codename": "delete_connectionplatform"}}, {"model": "auth.permission", "pk": 44, "fields": {"name": "Can view connection platform", "content_type": 11, "codename": "view_connectionplatform"}}, {"model": "auth.permission", "pk": 45, "fields": {"name": "Can add event", "content_type": 12, "codename": "add_event"}}, {"model": "auth.permission", "pk": 46, "fields": {"name": "Can change event", "content_type": 12, "codename": "change_event"}}, {"model": "auth.permission", "pk": 47, "fields": {"name": "Can delete event", "content_type": 12, "codename": "delete_event"}}, {"model": "auth.permission", "pk": 48, "fields": {"name": "Can view event", "content_type": 12, "codename": "view_event"}}, {"model": "auth.permission", "pk": 49, "fields": {"name": "Can add certificate request", "content_type": 13, "codename": "add_certificaterequest"}}, {"model": "auth.permission", "pk": 50, "fields": {"name": "Can change certificate request", "content_type": 13, "codename": "change_certificaterequest"}}, {"model": "auth.permission", "pk": 51, "fields": {"name": "Can delete certificate request", "content_type": 13, "codename": "delete_certificaterequest"}}, {"model": "auth.permission", "pk": 52, "fields": {"name": "Can view certificate request", "content_type": 13, "codename": "view_certificaterequest"}}, {"model": "auth.permission", "pk": 53, "fields": {"name": "Can add certificate", "content_type": 14, "codename": "add_certificate"}}, {"model": "auth.permission", "pk": 54, "fields": {"name": "Can change certificate", "content_type": 14, "codename": "change_certificate"}}, {"model": "auth.permission", "pk": 55, "fields": {"name": "Can delete certificate", "content_type": 14, "codename": "delete_certificate"}}, {"model": "auth.permission", "pk": 56, "fields": {"name": "Can view certificate", "content_type": 14, "codename": "view_certificate"}}, {"model": "auth.permission", "pk": 57, "fields": {"name": "Can add bookmark", "content_type": 15, "codename": "add_bookmark"}}, {"model": "auth.permission", "pk": 58, "fields": {"name": "Can change bookmark", "content_type": 15, "codename": "change_bookmark"}}, {"model": "auth.permission", "pk": 59, "fields": {"name": "Can delete bookmark", "content_type": 15, "codename": "delete_bookmark"}}, {"model": "auth.permission", "pk": 60, "fields": {"name": "Can view bookmark", "content_type": 15, "codename": "view_bookmark"}}, {"model": "auth.permission", "pk": 61, "fields": {"name": "Can add comment", "content_type": 16, "codename": "add_comment"}}, {"model": "auth.permission", "pk": 62, "fields": {"name": "Can change comment", "content_type": 16, "codename": "change_comment"}}, {"model": "auth.permission", "pk": 63, "fields": {"name": "Can delete comment", "content_type": 16, "codename": "delete_comment"}}, {"model": "auth.permission", "pk": 64, "fields": {"name": "Can view comment", "content_type": 16, "codename": "view_comment"}}, {"model": "auth.permission", "pk": 65, "fields": {"name": "Can add rating", "content_type": 17, "codename": "add_rating"}}, {"model": "auth.permission", "pk": 66, "fields": {"name": "Can change rating", "content_type": 17, "codename": "change_rating"}}, {"model": "auth.permission", "pk": 67, "fields": {"name": "Can delete rating", "content_type": 17, "codename": "delete_rating"}}, {"model": "auth.permission", "pk": 68, "fields": {"name": "Can view rating", "content_type": 17, "codename": "view_rating"}}, {"model": "auth.permission", "pk": 69, "fields": {"name": "Can add user rating", "content_type": 18, "codename": "add_userrating"}}, {"model": "auth.permission", "pk": 70, "fields": {"name": "Can change user rating", "content_type": 18, "codename": "change_userrating"}}, {"model": "auth.permission", "pk": 71, "fields": {"name": "Can delete user rating", "content_type": 18, "codename": "delete_userrating"}}, {"model": "auth.permission", "pk": 72, "fields": {"name": "Can view user rating", "content_type": 18, "codename": "view_userrating"}}, {"model": "auth.permission", "pk": 73, "fields": {"name": "Can add tag", "content_type": 19, "codename": "add_tag"}}, {"model": "auth.permission", "pk": 74, "fields": {"name": "Can change tag", "content_type": 19, "codename": "change_tag"}}, {"model": "auth.permission", "pk": 75, "fields": {"name": "Can delete tag", "content_type": 19, "codename": "delete_tag"}}, {"model": "auth.permission", "pk": 76, "fields": {"name": "Can view tag", "content_type": 19, "codename": "view_tag"}}, {"model": "auth.permission", "pk": 77, "fields": {"name": "Can add tagged item", "content_type": 20, "codename": "add_taggeditem"}}, {"model": "auth.permission", "pk": 78, "fields": {"name": "Can change tagged item", "content_type": 20, "codename": "change_taggeditem"}}, {"model": "auth.permission", "pk": 79, "fields": {"name": "Can delete tagged item", "content_type": 20, "codename": "delete_taggeditem"}}, {"model": "auth.permission", "pk": 80, "fields": {"name": "Can view tagged item", "content_type": 20, "codename": "view_taggeditem"}}, {"model": "auth.user", "pk": 1, "fields": {"password": "pbkdf2_sha256$180000$jHwLFYhwKo39$sp5GMggNhSnH4KIX5L3VEIO/4nQpJWwCX++S8bz7mEw=", "last_login": "2021-02-24T21:11:56.867Z", "is_superuser": true, "username": "admin", "first_name": "", "last_name": "", "email": "alejoveintimilla@gmail.com", "is_staff": true, "is_active": true, "date_joined": "2020-12-02T18:28:10Z", "groups": [], "user_permissions": []}}, {"model": "auth.user", "pk": 2, "fields": {"password": "pbkdf2_sha256$180000$oclUcRMNajEb$8VkQgiKXzfHSqUSZ+RzmOu1iHgeBRJC3WPX6eq3pcT0=", "last_login": "2021-03-09T22:25:22.211Z", "is_superuser": false, "username": "Luke", "first_name": "Luke", "last_name": "Hall", "email": "luke@gmail.com", "is_staff": false, "is_active": true, "date_joined": "2021-01-08T21:50:59Z", "groups": [], "user_permissions": []}}, {"model": "auth.user", "pk": 10, "fields": {"password": "pbkdf2_sha256$180000$wXEZaQfUVtXj$GaN3Hz3FP8E8Up+NNo4Ry3AFzFKnkFRJDo98a0pcejE=", "last_login": "2021-03-09T23:17:56.794Z", "is_superuser": false, "username": "Fantagiro", "first_name": "Fantagiro", "last_name": "Agustine", "email": "fanta@gmail.com", "is_staff": false, "is_active": true, "date_joined": "2021-03-09T20:56:57Z", "groups": [], "user_permissions": []}}, {"model": "auth.user", "pk": 11, "fields": {"password": "pbkdf2_sha256$180000$U0r7QEo0ahQ4$5I9VHOYUzwCk/Je3KS2/kS96HidLbAdX6WLs9SrDwHk=", "last_login": "2021-03-09T23:16:16.747Z", "is_superuser": false, "username": "Sandokan", "first_name": "Sandokan", "last_name": "Williams", "email": "sandokan@gmail.com", "is_staff": false, "is_active": true, "date_joined": "2021-03-09T20:58:14Z", "groups": [], "user_permissions": []}}, {"model": "profiles.profile", "pk": 1, "fields": {"user": 1, "interests": "", "profile_description": "", "timezone": "", "is_teacher": true, "profile_picture": "", "email_confirmed": true}}, {"model": "profiles.profile", "pk": 2, "fields": {"user": 2, "interests": "Comercio, Historia, Bailar Swing, Monta\u00f1ismo", "profile_description": "Luke Coach Estrat\u00e9gico, practicante de PNL, el cual ha logrado con su experiencia internacional, aprender y entender el valor de las conexiones interpersonales, la comunicaci\u00f3n y el crecimiento personal, lo cual le ha permitido convertirse en Udemy Best-Seller Instructor.\r\n\r\nA lo largo de su vida, sus experiencias durante su estudio y trabajo en 3 continentes distintos, le han ense\u00f1ado el poder que la confianza, la autoestima y la disciplina tienen a la hora de poder adaptarse a cualquier tipo de situaci\u00f3n y cultura (tanto nacional como corporativa).\r\n\r\nEn los \u00faltimos 10 a\u00f1os David ha trabajado como docente en la Universidad de G\u00f6ttingen en Alemania, ha conducido investigaciones en recursos humanos en Corea del Sur y ha incursionado satisfactoriamente en el mundo del Desarrollo personal, superaci\u00f3n y emprendimiento.\r\n\r\nExperiencia.\r\n\r\nDocencia en Econometria en la Universidad de G\u00f6ttingen, Alemania.\r\n\r\nInvestigaci\u00f3n de campo en Personal Management con enfoque en expatriados en Corea del Sur.\r\n\r\nCoach Estrategico de la Strategic Life Academy de Escocia.\r\n\r\nInstructor Best Seller del portal educativo de Udemy, con mas de 42.000 estudiantes a nivel mundial.\r\n\r\nCapacitador de equipos empresariales.\r\n\r\nConsultor Estrat\u00e9gico: Camara de Comercio de Bucaramanga, RCN Radio, Universidad Santo Tom\u00e1s, Universidad de Santander.", "timezone": "America/Adak", "is_teacher": false, "profile_picture": "", "email_confirmed": false}}, {"model": "profiles.profile", "pk": 9, "fields": {"user": 10, "interests": "Futbol, Basquet, Tenis, Ajedrez, Salsa", "profile_description": "El Profesor Fantagiro es autor y conferencista dedicado al estudio del potencial humano. Se gradu\u00f3 en la Universidad Nacional de La Plata como licenciado en Dise\u00f1o en Comunicaci\u00f3n Visual. En la misma universidad posteriormente obtuvo un posgrado en Packaging. Se dedic\u00f3 primero a la consultor\u00eda en Marketing y Publicidad. Se desempe\u00f1\u00f3 luego como gerente en importantes organizaciones.\r\n\r\nPublic\u00f3 las siguientes obras:\r\n\r\n- Construyendo una empresa desde cero, Ediciones LEA (2009)\r\n\r\n- El l\u00edder sensorial Ediciones LEA (2010)\r\n\r\n- 10 secretos que la gente exitosa no comparte con nadie, Ediciones B (2011)\r\n\r\n- La Ley del Prop\u00f3sito, Grijalbo (2015)\r\n\r\n- Pack de 3 libros Descubre tu Luz Interior -Tolle, N.C. Kurt y Osho \u2013 Grijalbo (2016)\r\n\r\n- Hablar en P\u00fablico, Ediciones B (2017)\r\n\r\nModelo de Liderazgo:\r\n\r\nEn el 2010 desarrolla un nuevo modelo de liderazgo que comienza a ense\u00f1arse en las principales universidades del mundo, el cual queda plasmado en su segundo libro \"El l\u00edder sensorial\". \r\n\r\nConferencias y Docencia:\r\n\r\nAdem\u00e1s de escribir, dicta conferencias en universidades, bibliotecas e instituciones al mismo tiempo que imparte clases de administraci\u00f3n, liderazgo y oratoria tanto en el \u00e1mbito p\u00fablico como en el privado. Sus libros forman parte de la bibliograf\u00eda obligatoria de programas de estudio en diferentes universidades.\r\n\r\nEstudios de C\u00e1bala:\r\n\r\nEn el a\u00f1o 2014 inicia sus estudios en el prestigioso Centro Internacional de C\u00e1bala fundado en 1922 por el Rav Yehuda Ashlag, impactando produndamente en todos los \u00e1mbitos de su vida. En el 2017 comienza a profundizar sus estudios con, quien quiz\u00e1 sea el mayor erudito en C\u00e1bala vivo, el Dr. Mario Javier Sab\u00e1n. M\u00e1s tarde en el 2019 inicia la Maestr\u00eda en C\u00e1bala, de dos a\u00f1os, dirigida por el mencionado Dr. Sab\u00e1n. Actualmente, sumado a cursar la maestr\u00eda, sigue estudiando en el Centro Internacional de C\u00e1bala y profundizando en los estudios de los antiguos textos de los grandes sabios de la antiguedad.\r\n\r\nSu objetivo es combinar sus dos pasiones: el desarrollo del potencial humano y la ense\u00f1anza, aprovechando la oportunidad \u00fanica que provee este siglo del alcance mundial a trav\u00e9s de la tecnolog\u00eda para difundir los fundamentos de la C\u00e1bala para el Desarrollo del Potencial Humano.", "timezone": "America/Adak", "is_teacher": false, "profile_picture": "", "email_confirmed": false}}, {"model": "profiles.profile", "pk": 10, "fields": {"user": 11, "interests": "Novelas, Cuentos, Investigaci\u00f3n period\u00edstica, conspiraciones", "profile_description": "Sandokan es Ingeniero de Ejecuci\u00f3n Electr\u00f3nico y Magister en Direcci\u00f3n y Gesti\u00f3n de Empresas-MBA de la Universidad de Tarapac\u00e1. Ha sido gestor, consultor y trabajador en peque\u00f1as empresas desde el a\u00f1o 1981, trabajando en la Zona Franca de Iquique como empleado y empresario, due\u00f1o de peque\u00f1a empresa en Arica y durante m\u00e1s de 30 a\u00f1os ha asesorado a empresas en el dise\u00f1o de sistemas de control y administraci\u00f3n.\r\n\r\nHa sido profesor de la Escuela Universitaria de Administraci\u00f3n y Negocios, como en el Centro de Formaci\u00f3n T\u00e9cnica de la Universidad de Tarapac\u00e1, profesor gu\u00eda en programas de magister y pregrado, tanto en Chile como en Per\u00fa,\r\n\r\nLa educaci\u00f3n en l\u00ednea y sus potencialidades para la educaci\u00f3n popular es uno de sus principales intereses que lo han llevado a desarrollar este curso ", "timezone": "America/Antigua", "is_teacher": false, "profile_picture": "profile_pictures/Sandokan_Mar-09-21.jpeg", "email_confirmed": false}}, {"model": "profiles.acceptedcrypto", "pk": 1, "fields": {"user": 1, "crypto": 1, "address": "", "deleted": false}}, {"model": "profiles.acceptedcrypto", "pk": 2, "fields": {"user": 1, "crypto": 2, "address": "", "deleted": false}}, {"model": "profiles.acceptedcrypto", "pk": 3, "fields": {"user": 2, "crypto": 3, "address": "", "deleted": false}}, {"model": "profiles.acceptedcrypto", "pk": 4, "fields": {"user": 2, "crypto": 4, "address": "", "deleted": false}}, {"model": "profiles.acceptedcrypto", "pk": 5, "fields": {"user": 2, "crypto": 2, "address": "", "deleted": false}}, {"model": "profiles.acceptedcrypto", "pk": 24, "fields": {"user": 11, "crypto": 3, "address": "", "deleted": false}}, {"model": "profiles.acceptedcrypto", "pk": 25, "fields": {"user": 11, "crypto": 3, "address": "", "deleted": true}}, {"model": "profiles.acceptedcrypto", "pk": 26, "fields": {"user": 11, "crypto": 2, "address": "", "deleted": false}}, {"model": "profiles.acceptedcrypto", "pk": 27, "fields": {"user": 10, "crypto": 3, "address": "", "deleted": false}}, {"model": "profiles.contactmethod", "pk": 1, "fields": {"user": 1, "name": "Telegram", "description": "Enviame un mensaje en horas de trabajo", "url_link": "@Criptoanarquist", "deleted": false}}, {"model": "profiles.contactmethod", "pk": 2, "fields": {"user": 1, "name": "Facebook", "description": "Mandame una solicitud de mensaje. ", "url_link": "https://www.facebook.com/alejandro.veintimilla/", "deleted": false}}, {"model": "profiles.contactmethod", "pk": 3, "fields": {"user": 1, "name": "Facebook", "description": "Mandame una solicitud de mensaje. ", "url_link": "facebook.com/alejandro.veintimilla/", "deleted": true}}, {"model": "profiles.contactmethod", "pk": 4, "fields": {"user": 11, "name": "Whatsapp", "description": "Enviame un mensaje en horas de trabajo GMT - 3", "url_link": "+5936656545", "deleted": false}}, {"model": "profiles.contactmethod", "pk": 5, "fields": {"user": 2, "name": "Telegram", "description": "", "url_link": "@Luke", "deleted": false}}, {"model": "profiles.contactmethod", "pk": 6, "fields": {"user": 2, "name": "Telegram", "description": "", "url_link": "@Luke", "deleted": true}}, {"model": "courses.event", "pk": 1, "fields": {"is_recurrent": false, "is_recorded": false, "event_type": "COURSE", "image": "", "owner": 11, "title": "Oportunity", "description": "<p>Rockefellers.</p>", "platform": null, "other_platform": "", "reference_price": 0.0, "date_created": "2020-12-09T00:18:02.755Z", "date_start": "2020-12-17T00:00:00Z", "date_end": "2020-12-23T00:00:00Z", "date_recorded": null, "schedule_description": "", "deleted": true}}, {"model": "courses.event", "pk": 2, "fields": {"is_recurrent": false, "is_recorded": false, "event_type": "EVENT", "image": "event_pictures/Destruye_la_procrastinaci\u00f3n__Mar-09-21.jpeg", "owner": 2, "title": "\u00a1Destruye la procrastinaci\u00f3n! ", "description": "<p><span class=\"what-you-will-learn--objective-item--ECarc\">- Reconocer que es realmente la procrastinaci&oacute;n.</span></p>\r\n<p><span class=\"what-you-will-learn--objective-item--ECarc\"><span class=\"what-you-will-learn--objective-item--ECarc\">- Entender que la procrastinaci&oacute;n no es un problema de gesti&oacute;n del tiempo sino de emociones.</span></span></p>\r\n<p><span class=\"what-you-will-learn--objective-item--ECarc\"><span class=\"what-you-will-learn--objective-item--ECarc\">-&nbsp;</span></span>Destruir constumbres y malos h&aacute;bitos y mejorar tu productividad personal.</p>\r\n<p>- Crear la motivaci&oacute;n correcta para lograr incluso las actividades mas tediosas de nuestro d&iacute;a a d&iacute;a.</p>\r\n<p>- Descubrir las raices de su propia procrastinaci&oacute;n</p>\r\n<p>- Como podemos vencer miedos, limitaciones e inseguridades que nos impiden hacer aquello que sabemos que debemos y queremos hacer.</p>\r\n<p>- Crear h&aacute;bitos empoderadores que nos permiten alcanzar las metas que nos proponemos.</p>", "platform": 1, "other_platform": "Grupo Telegram", "reference_price": 0.0, "date_created": "2021-01-08T21:57:24.794Z", "date_start": "2021-04-21T00:00:00Z", "date_end": "2021-04-22T00:00:00Z", "date_recorded": null, "schedule_description": "Comienza en la tarde y termina en la noche del siguiente d\u00eda", "deleted": false}}, {"model": "courses.event", "pk": 3, "fields": {"is_recurrent": false, "is_recorded": true, "event_type": "COURSE", "image": "event_pictures/Mainstream_Media_Mar-09-21.jpeg", "owner": 11, "title": "Habilidades Gerenciales", "description": "<p><span class=\"what-you-will-learn--objective-item--ECarc\">Mejorar las habilidades gerenciales para peque&ntilde;os empresarios.</span></p><p><span class=\"what-you-will-learn--objective-item--ECarc\"><span class=\"what-you-will-learn--objective-item--ECarc\">Entregar conocimientos de administraci&oacute;n y econom&iacute;a de manera simple y f&aacute;cil.</span></span></p><p><span class=\"what-you-will-learn--objective-item--ECarc\"><span class=\"what-you-will-learn--objective-item--ECarc\">Introducir conceptos de pensamiento estrat&eacute;gico a la peque&ntilde;a empresa.</span></span></p><p>&nbsp;</p><p>&nbsp;BIENVENIDOS a nuestro Curso Manual del Peque&ntilde;o Empresario. El curso fue producido en la Fundaci&oacute;n Para el Desarrollo de la Universidad de Tarapac&aacute; y est&aacute; dirigido a entregar conocimientos pr&aacute;cticos e inmediatos que permitan mejorar las capacidades de administraci&oacute;n, direcci&oacute;n y estrategia en la peque&ntilde;a empresa.</p><p>Se trata de un curso dirigido a personas comunes que buscan aprender y mejorar sus habilidades empresariales, donde aprender&aacute;n haciendo, basados en:</p><p>- videos cortos donde se plantean las ideas fundamentales;</p><p>- videos suplementarios de Internet donde se muestran ejemplos pr&aacute;cticos.</p><p>Cada clase plantear&aacute; un tema, que se expondr&aacute; en un video con la teoria y un comentario con la practica.</p><p>La metodolog&iacute;a es distinta a las clases tradicionales, que tiene largas exposiciones de conocimientos del profesor y la memorizaci&oacute;n pasiva por los alumnos.</p><p>&nbsp;</p><p>En nuestro caso las exposiciones del instructor son p&iacute;ldoras de conocimiento para introducir en el tema. Los alumnos tiene una semana para ver cada una lasa clases, en su casa u oficina y en el horario que mejor les convenga. Empecemos entonces con nuestro curso, &iexcl;manos a la obra!.&nbsp;</p>", "platform": 2, "other_platform": "Foro en Discord", "reference_price": 0.0, "date_created": "2021-02-12T19:02:23.339Z", "date_start": null, "date_end": null, "date_recorded": "2021-03-15T00:00:00Z", "schedule_description": "", "deleted": false}}, {"model": "courses.event", "pk": 8, "fields": {"is_recurrent": false, "is_recorded": false, "event_type": "COURSE", "image": "event_pictures/Curso_Maestro_de_Python_3_Aprende_Desde_Cero_Mar-09-21.jpeg", "owner": 10, "title": "Curso Maestro de Python 3: Aprende Desde Cero", "description": "<p><span class=\"what-you-will-learn--objective-item--ECarc\">- Utilizar Python para manipular todo tipo de informaci&oacute;n. <br /></span></p><p><span class=\"what-you-will-learn--objective-item--ECarc\">- </span><span class=\"what-you-will-learn--objective-item--ECarc\"><span class=\"what-you-will-learn--objective-item--ECarc\">Utilizar Python para crear tus propios scripts y programas.</span></span></p><p><span class=\"what-you-will-learn--objective-item--ECarc\"><span class=\"what-you-will-learn--objective-item--ECarc\">- </span></span><span class=\"what-you-will-learn--objective-item--ECarc\"><span class=\"what-you-will-learn--objective-item--ECarc\"><span class=\"what-you-will-learn--objective-item--ECarc\">Utilizar Python para crear interfaces gr&aacute;ficas con Tkinter.</span></span></span></p><p><span class=\"what-you-will-learn--objective-item--ECarc\"><span class=\"what-you-will-learn--objective-item--ECarc\"><span class=\"what-you-will-learn--objective-item--ECarc\">- </span></span></span><span class=\"what-you-will-learn--objective-item--ECarc\"><span class=\"what-you-will-learn--objective-item--ECarc\"><span class=\"what-you-will-learn--objective-item--ECarc\"><span class=\"what-you-will-learn--objective-item--ECarc\">Utilizar Python para manejar bases de datos con SQLite.</span></span></span></span></p><p>&nbsp;</p>", "platform": 1, "other_platform": "Jitsi", "reference_price": 0.0, "date_created": "2021-02-24T21:27:21.717Z", "date_start": "2021-02-24T00:00:00Z", "date_end": "2021-02-27T00:00:00Z", "date_recorded": null, "schedule_description": "", "deleted": false}}, {"model": "courses.comment", "pk": 1, "fields": {"event": 2, "user": 10, "text": "Gran Curso! ahora no procastino nada. ", "created_on": "2021-03-09T23:20:21.085Z", "deleted": false}}, {"model": "courses.certificate", "pk": 1, "fields": {"date_created": "2021-01-08T22:02:15.361Z", "event": 2, "user": 1}}, {"model": "courses.certificate", "pk": 2, "fields": {"date_created": "2021-03-09T22:02:36.697Z", "event": 8, "user": 11}}, {"model": "courses.bookmark", "pk": 1, "fields": {"event": 2, "user": 1, "date": "2021-01-08T21:59:55.152Z", "deleted": false}}, {"model": "courses.bookmark", "pk": 2, "fields": {"event": 8, "user": 11, "date": "2021-03-09T22:00:47.757Z", "deleted": false}}, {"model": "courses.bookmark", "pk": 3, "fields": {"event": 3, "user": 10, "date": "2021-03-09T22:18:37.024Z", "deleted": false}}, {"model": "courses.certificaterequest", "pk": 1, "fields": {"event": 2, "user": 1, "date": "2021-01-08T22:01:57.244Z", "accepted": true, "deleted": false}}, {"model": "courses.certificaterequest", "pk": 2, "fields": {"event": 8, "user": 11, "date": "2021-03-09T22:00:56.635Z", "accepted": true, "deleted": false}}, {"model": "star_ratings.userrating", "pk": 1, "fields": {"created": "2021-01-27T22:24:12.054Z", "modified": "2021-01-29T16:47:47.833Z", "user": 1, "ip": null, "score": 5, "rating": 1}}, {"model": "admin.logentry", "pk": 1, "fields": {"action_time": "2021-01-08T21:54:57.824Z", "user": 1, "content_type": 11, "object_id": "1", "object_repr": "Zoom", "action_flag": 1, "change_message": "[{\"added\": {}}]"}}, {"model": "admin.logentry", "pk": 2, "fields": {"action_time": "2021-01-08T21:59:43.655Z", "user": 1, "content_type": 12, "object_id": "2", "object_repr": "Curso pa ser medio ingenuo", "action_flag": 2, "change_message": "[{\"changed\": {\"fields\": [\"Owner\"]}}]"}}, {"model": "admin.logentry", "pk": 3, "fields": {"action_time": "2021-01-11T22:55:43.023Z", "user": 1, "content_type": 4, "object_id": "2", "object_repr": "Luke", "action_flag": 2, "change_message": "[{\"changed\": {\"fields\": [\"Active\"]}}]"}}, {"model": "admin.logentry", "pk": 4, "fields": {"action_time": "2021-01-11T22:56:11.865Z", "user": 1, "content_type": 4, "object_id": "2", "object_repr": "Luke", "action_flag": 2, "change_message": "[{\"changed\": {\"fields\": [\"Active\"]}}]"}}, {"model": "admin.logentry", "pk": 5, "fields": {"action_time": "2021-01-27T22:24:12.063Z", "user": 1, "content_type": 18, "object_id": "1", "object_repr": "admin rating 4 for Curso pa ser medio ingenuo", "action_flag": 1, "change_message": "[{\"added\": {}}]"}}, {"model": "admin.logentry", "pk": 6, "fields": {"action_time": "2021-01-27T22:28:26.775Z", "user": 1, "content_type": 18, "object_id": "1", "object_repr": "admin rating 5 for Curso pa ser medio ingenuo", "action_flag": 2, "change_message": "[{\"changed\": {\"fields\": [\"Score\"]}}]"}}, {"model": "admin.logentry", "pk": 7, "fields": {"action_time": "2021-01-27T22:48:32.357Z", "user": 1, "content_type": 17, "object_id": "1", "object_repr": "Curso pa ser medio ingenuo", "action_flag": 2, "change_message": "[{\"changed\": {\"fields\": [\"Total\"]}}]"}}, {"model": "admin.logentry", "pk": 8, "fields": {"action_time": "2021-01-27T22:48:54.010Z", "user": 1, "content_type": 18, "object_id": "2", "object_repr": "Effort rating 3 for Curso pa ser medio ingenuo", "action_flag": 1, "change_message": "[{\"added\": {}}]"}}, {"model": "admin.logentry", "pk": 9, "fields": {"action_time": "2021-02-08T20:36:35.542Z", "user": 1, "content_type": 4, "object_id": "1", "object_repr": "admin", "action_flag": 2, "change_message": "[{\"changed\": {\"fields\": [\"Email address\"]}}]"}}, {"model": "admin.logentry", "pk": 10, "fields": {"action_time": "2021-02-12T18:56:09.153Z", "user": 1, "content_type": 8, "object_id": "1", "object_repr": "admin", "action_flag": 2, "change_message": "[{\"changed\": {\"fields\": [\"Email confirmed\"]}}]"}}, {"model": "admin.logentry", "pk": 11, "fields": {"action_time": "2021-02-12T18:56:19.610Z", "user": 1, "content_type": 8, "object_id": "1", "object_repr": "admin", "action_flag": 2, "change_message": "[]"}}, {"model": "admin.logentry", "pk": 12, "fields": {"action_time": "2021-02-23T01:19:31.568Z", "user": 1, "content_type": 19, "object_id": "4", "object_repr": "e", "action_flag": 3, "change_message": ""}}, {"model": "admin.logentry", "pk": 13, "fields": {"action_time": "2021-02-23T01:19:31.717Z", "user": 1, "content_type": 19, "object_id": "2", "object_repr": "i", "action_flag": 3, "change_message": ""}}, {"model": "admin.logentry", "pk": 14, "fields": {"action_time": "2021-02-23T01:19:31.806Z", "user": 1, "content_type": 19, "object_id": "3", "object_repr": "m", "action_flag": 3, "change_message": ""}}, {"model": "admin.logentry", "pk": 15, "fields": {"action_time": "2021-02-23T01:19:31.877Z", "user": 1, "content_type": 19, "object_id": "1", "object_repr": "t", "action_flag": 3, "change_message": ""}}, {"model": "admin.logentry", "pk": 16, "fields": {"action_time": "2021-02-24T21:13:18.744Z", "user": 1, "content_type": 19, "object_id": "5", "object_repr": "knows", "action_flag": 1, "change_message": "[{\"added\": {}}, {\"added\": {\"name\": \"tagged item\", \"object\": \"Mainstream Media tagged with knows\"}}]"}}, {"model": "admin.logentry", "pk": 17, "fields": {"action_time": "2021-02-24T21:13:56.658Z", "user": 1, "content_type": 19, "object_id": "6", "object_repr": "not_knows", "action_flag": 1, "change_message": "[{\"added\": {}}, {\"added\": {\"name\": \"tagged item\", \"object\": \"Mainstream Media tagged with not_knows\"}}]"}}, {"model": "admin.logentry", "pk": 18, "fields": {"action_time": "2021-02-24T21:21:52.169Z", "user": 1, "content_type": 12, "object_id": "7", "object_repr": "Canada", "action_flag": 3, "change_message": ""}}, {"model": "admin.logentry", "pk": 19, "fields": {"action_time": "2021-02-24T21:21:52.276Z", "user": 1, "content_type": 12, "object_id": "6", "object_repr": "Canada", "action_flag": 3, "change_message": ""}}, {"model": "admin.logentry", "pk": 20, "fields": {"action_time": "2021-02-24T21:21:52.347Z", "user": 1, "content_type": 12, "object_id": "5", "object_repr": "Canada", "action_flag": 3, "change_message": ""}}, {"model": "admin.logentry", "pk": 21, "fields": {"action_time": "2021-02-24T21:21:52.517Z", "user": 1, "content_type": 12, "object_id": "4", "object_repr": "Canada", "action_flag": 3, "change_message": ""}}, {"model": "admin.logentry", "pk": 22, "fields": {"action_time": "2021-03-09T20:51:06.890Z", "user": 1, "content_type": 4, "object_id": "8", "object_repr": "Effort", "action_flag": 3, "change_message": ""}}, {"model": "admin.logentry", "pk": 23, "fields": {"action_time": "2021-03-09T20:51:06.983Z", "user": 1, "content_type": 4, "object_id": "9", "object_repr": "Effort1", "action_flag": 3, "change_message": ""}}, {"model": "admin.logentry", "pk": 24, "fields": {"action_time": "2021-03-09T20:51:07.061Z", "user": 1, "content_type": 4, "object_id": "3", "object_repr": "Horsie", "action_flag": 3, "change_message": ""}}, {"model": "admin.logentry", "pk": 25, "fields": {"action_time": "2021-03-09T20:51:07.128Z", "user": 1, "content_type": 4, "object_id": "4", "object_repr": "horse", "action_flag": 3, "change_message": ""}}, {"model": "admin.logentry", "pk": 26, "fields": {"action_time": "2021-03-09T20:51:07.195Z", "user": 1, "content_type": 4, "object_id": "6", "object_repr": "horse3", "action_flag": 3, "change_message": ""}}, {"model": "admin.logentry", "pk": 27, "fields": {"action_time": "2021-03-09T20:51:07.261Z", "user": 1, "content_type": 4, "object_id": "7", "object_repr": "horse4", "action_flag": 3, "change_message": ""}}, {"model": "admin.logentry", "pk": 28, "fields": {"action_time": "2021-03-09T20:51:07.328Z", "user": 1, "content_type": 4, "object_id": "5", "object_repr": "horsie2", "action_flag": 3, "change_message": ""}}, {"model": "admin.logentry", "pk": 29, "fields": {"action_time": "2021-03-09T20:56:57.680Z", "user": 1, "content_type": 4, "object_id": "10", "object_repr": "Fantagiro", "action_flag": 1, "change_message": "[{\"added\": {}}]"}}, {"model": "admin.logentry", "pk": 30, "fields": {"action_time": "2021-03-09T20:57:39.998Z", "user": 1, "content_type": 4, "object_id": "10", "object_repr": "Fantagiro", "action_flag": 2, "change_message": "[{\"changed\": {\"fields\": [\"First name\", \"Last name\", \"Email address\"]}}]"}}, {"model": "admin.logentry", "pk": 31, "fields": {"action_time": "2021-03-09T20:58:14.240Z", "user": 1, "content_type": 4, "object_id": "11", "object_repr": "Sandokan", "action_flag": 1, "change_message": "[{\"added\": {}}]"}}, {"model": "admin.logentry", "pk": 32, "fields": {"action_time": "2021-03-09T20:58:54.237Z", "user": 1, "content_type": 4, "object_id": "11", "object_repr": "Sandokan", "action_flag": 2, "change_message": "[{\"changed\": {\"fields\": [\"First name\", \"Last name\", \"Email address\"]}}]"}}, {"model": "admin.logentry", "pk": 33, "fields": {"action_time": "2021-03-09T21:01:40.341Z", "user": 1, "content_type": 12, "object_id": "8", "object_repr": "Curso Maestro de Python 3: Aprende Desde Cero - Fantagiro", "action_flag": 2, "change_message": "[{\"changed\": {\"fields\": [\"Owner\", \"Description\"]}}]"}}, {"model": "admin.logentry", "pk": 34, "fields": {"action_time": "2021-03-09T21:01:51.810Z", "user": 1, "content_type": 12, "object_id": "3", "object_repr": "Mainstream Media - Sandokan", "action_flag": 2, "change_message": "[{\"changed\": {\"fields\": [\"Owner\", \"Description\"]}}]"}}, {"model": "admin.logentry", "pk": 35, "fields": {"action_time": "2021-03-09T21:02:29.469Z", "user": 1, "content_type": 12, "object_id": "1", "object_repr": "Oportunity - Sandokan", "action_flag": 2, "change_message": "[{\"changed\": {\"fields\": [\"Owner\", \"Tags\"]}}]"}}, {"model": "admin.logentry", "pk": 36, "fields": {"action_time": "2021-03-09T21:23:39.217Z", "user": 1, "content_type": 8, "object_id": "9", "object_repr": "Fantagiro", "action_flag": 1, "change_message": "[{\"added\": {}}]"}}, {"model": "admin.logentry", "pk": 37, "fields": {"action_time": "2021-03-09T21:24:04.889Z", "user": 1, "content_type": 8, "object_id": "10", "object_repr": "Sandokan", "action_flag": 1, "change_message": "[{\"added\": {}}]"}}, {"model": "admin.logentry", "pk": 38, "fields": {"action_time": "2021-03-09T21:30:26.962Z", "user": 1, "content_type": 11, "object_id": "2", "object_repr": "Vimeo", "action_flag": 1, "change_message": "[{\"added\": {}}]"}}, {"model": "admin.logentry", "pk": 39, "fields": {"action_time": "2021-03-09T22:22:14.908Z", "user": 1, "content_type": 4, "object_id": "2", "object_repr": "Luke", "action_flag": 2, "change_message": "[{\"changed\": {\"fields\": [\"password\"]}}]"}}, {"model": "admin.logentry", "pk": 40, "fields": {"action_time": "2021-03-09T22:45:11.698Z", "user": 1, "content_type": 19, "object_id": "7", "object_repr": "faith", "action_flag": 3, "change_message": ""}}, {"model": "admin.logentry", "pk": 41, "fields": {"action_time": "2021-03-09T22:45:11.842Z", "user": 1, "content_type": 19, "object_id": "8", "object_repr": "false", "action_flag": 3, "change_message": ""}}, {"model": "admin.logentry", "pk": 42, "fields": {"action_time": "2021-03-09T22:45:11.920Z", "user": 1, "content_type": 19, "object_id": "5", "object_repr": "knows", "action_flag": 3, "change_message": ""}}, {"model": "admin.logentry", "pk": 43, "fields": {"action_time": "2021-03-09T22:45:11.998Z", "user": 1, "content_type": 19, "object_id": "16", "object_repr": "mindfullness", "action_flag": 3, "change_message": ""}}, {"model": "admin.logentry", "pk": 44, "fields": {"action_time": "2021-03-09T22:45:12.075Z", "user": 1, "content_type": 19, "object_id": "9", "object_repr": "over", "action_flag": 3, "change_message": ""}}, {"model": "admin.logentry", "pk": 45, "fields": {"action_time": "2021-03-09T22:45:12.164Z", "user": 1, "content_type": 19, "object_id": "10", "object_repr": "traffic", "action_flag": 3, "change_message": ""}}, {"model": "admin.logentry", "pk": 46, "fields": {"action_time": "2021-03-09T23:19:35.243Z", "user": 1, "content_type": 11, "object_id": "3", "object_repr": "Jitsi", "action_flag": 1, "change_message": "[{\"added\": {}}]"}}, {"model": "admin.logentry", "pk": 47, "fields": {"action_time": "2021-03-09T23:19:42.475Z", "user": 1, "content_type": 11, "object_id": "4", "object_repr": "Google Meet", "action_flag": 1, "change_message": "[{\"added\": {}}]"}}, {"model": "admin.logentry", "pk": 48, "fields": {"action_time": "2021-03-09T23:21:46.818Z", "user": 1, "content_type": 12, "object_id": "3", "object_repr": "Habilidades Gerenciales - Sandokan", "action_flag": 2, "change_message": "[{\"changed\": {\"fields\": [\"Title\", \"Description\"]}}]"}}]